{
  "auc": 0.839834008127881,
  "pr_auc": 0.22377271457810213,
  "brier": 0.05272366152790285,
  "ks": 0.5161575860212679,
  "cm": [
    [
      74910,
      241
    ],
    [
      2785,
      216
    ]
  ]
}