{
  "auc": 0.667531092382343,
  "pr_auc": 0.07622232954987998,
  "brier": 0.13844507578711077,
  "ks": 0.2474725782680673,
  "cm": [
    [
      65207,
      9944
    ],
    [
      2098,
      903
    ]
  ]
}