{
  "auc": 0.5038503818532172,
  "pr_auc": 0.03835362084791698,
  "brier": 0.07431893856504306,
  "ks": 0.6534708165988556,
  "cm": [
    [
      71386,
      3765
    ],
    [
      2852,
      149
    ]
  ]
}